,Ontology Term,Preferred Name,odds ratio,exact p-value,adj p-value,Reference Genes,User/Study Genes
0,TO_0000112,disease resistance,2.8360689874087397,1.5673787949850125e-149,4.95291699215264e-147,15631,1091
1,TO_0000276,drought tolerance,2.395388999040241,5.102686224062206e-103,8.062244234018286e-101,16360,1011
2,TO_0000696,starch content,4.191825126692383,2.696043354953749e-82,2.839832333884616e-80,2641,301
3,TO_0000598,protein content,2.677345188628523,3.3047511588283807e-60,2.6107534154744207e-58,5540,417
4,TO_0000227,root length,2.446271915390913,4.690866415279687e-59,2.9646275744567626e-57,7165,492
5,TO_0002657,oxidative stress,2.1695866735469616,4.425444900975437e-55,2.33073431451373e-53,9972,606
6,TO_0002712,stay green trait,41.32014289640011,1.89453729148696e-53,8.552482630141134e-52,91,52
7,TO_0020115,chlorophyll fluorescence quenching,43.270704302548644,5.573947479825254e-44,2.2017092545309753e-42,72,42
8,TO_0000387,plant trait,21.770073453502967,6.893900681187506e-44,2.420525128061391e-42,126,52
9,TO_0000295,chlorophyll b content,17.718844566712516,1.6103085123954604e-43,5.088574899169655e-42,154,56
10,TO_0000303,cold tolerance,2.245653366096961,2.82937722404569e-35,8.128029116349436e-34,5104,333
11,TO_0020116,photochemical quenching,3.4496543973026133,2.8353428002763635e-30,7.466402707394423e-29,1332,132
12,TO_0000707,pericarp color,2.4726238733740176,9.234189816871563e-30,2.2446184477933953e-28,3111,225
13,TO_0012002,leaf chlorophyll content,5.644756824658767,1.9370007527930326e-29,4.372087413447131e-28,488,75
14,TO_0000397,grain size,2.284807897699391,2.6566763341553395e-29,5.596731477287248e-28,3897,261
15,TO_0000430,germination rate,2.0497321476510977,3.2989180973868394e-29,6.515363242339008e-28,5626,338
16,TO_0000339,stem thickness,12.238173291209273,5.080801475899272e-28,9.44431333167159e-27,148,42
17,TO_0000128,harvest index,2.1914182743269026,1.81847843551424e-25,3.1924399201249997e-24,3806,246
18,TO_0000183,other miscellaneous trait,1.5085857129162623,7.633912588584885e-25,1.2696401989435915e-23,21647,935
19,TO_0000326,leaf color,5.33502177960128,6.959634633720151e-24,1.0996222721277838e-22,429,63
20,TO_0006002,proline content,1.7108068058060024,8.991854178749396e-23,1.3530599621356233e-21,8960,452
21,TO_0000495,chlorophyll content,1.7355520238023738,1.756929020973483e-21,2.5235889573982752e-20,7763,399
22,TO_0020117,non photochemical quenching,3.1220898846347844,2.192106003466789e-21,3.011763030850024e-20,1142,104
23,TO_0000580,cytoplasmic male sterility,0.26215064927580345,4.94237077352858e-21,6.50745485181263e-20,3674,32
24,TO_0000071,anthocyanin content,2.764278432120489,1.028521063087861e-20,1.3000506237430562e-19,1500,122
25,TO_0012004,quantum yield,2.372440745015589,2.0450117611027487e-19,2.485475832724879e-18,2158,152
26,TO_0000036,hybrid incompatibility,4.590217690494142,2.2764678374275653e-19,2.6643105060263357e-18,449,58
27,TO_0006001,salt tolerance,1.7183858519369286,4.838246035305679e-19,5.46030623984498e-18,7015,359
28,TO_0020097,stomatal opening,1.9530545818117826,7.751190291056315e-18,8.446124593013087e-17,3766,220
29,TO_0000181,seed weight,2.20607184164237,1.3396619837833067e-17,1.4111106229184164e-16,2415,159
30,TO_0000522;TO_0000523,stomatal resistance,1.7543969330445635,2.329258737511458e-17,2.3743411646890993e-16,5696,299
31,TO_0000325,soluble protein content,3.1375124680487105,5.302769121900057e-17,5.236484507876306e-16,871,80
32,TO_0006036,stem elongation,1.8510686930501876,6.754193382542832e-17,6.467651845101622e-16,4362,242
33,TO_0000271,inflorescence length,11.713116989364604,2.4167367684459056e-16,2.2461435847909006e-15,87,24
34,TO_0000731,lignin content,2.541001511929184,2.979841557995189e-16,2.6903712352185134e-15,1444,109
35,TO_0020068,beta-glucan content,38.35690968443961,3.835849932682638e-16,3.3670238297992047e-15,27,15
36,TO_0000158,red light sensitivity,9.8731948865646,4.1972813977040613e-16,3.58470519371482e-15,107,26
37,TO_0000194,globular embryo,0.3530222382792136,7.533924675705445e-16,6.265053151376107e-15,3772,44
38,TO_0000462,gelatinization temperature,10.09918211559433,1.355349020210669e-14,1.0981802317604394e-13,93,23
39,TO_0000255,sheath blight disease resistance,14.231953079334716,1.8444369753381246e-14,1.4571052105171186e-13,60,19
40,TO_0000310,self-incompatibility,2.256779018355003,6.08845939829418e-14,4.692568706977953e-13,1715,116
41,TO_0000391,seed size,1.8804441683889317,1.5027252726012837e-13,1.13062187176668e-12,3156,179
42,TO_0000043,root morphology trait,1.4202349844107336,1.936427859817042e-13,1.4230493109353144e-12,13868,588
43,TO_0000207,plant height,1.4125027807473296,9.716771762998874e-13,6.9784088116082824e-12,13338,564
44,TO_0006019,floral organ identity,1.8053861788617886,1.347466758337604e-12,9.462211014104063e-12,3426,187
45,TO_0000253,seed dormancy,1.6358772594824138,1.674545631774847e-12,1.1503400426975036e-11,5296,262
46,TO_0001017,water use efficiency,1.921527324187744,1.7833428659623727e-12,1.1990135013704464e-11,2636,153
47,TO_0002674,tryptophan content,14.028625850340136,2.498280950700953e-12,1.6447016258781272e-11,51,16
48,TO_0001018,transpiration rate,1.8815033674600168,2.753983753427796e-12,1.776038502210579e-11,2813,160
49,TO_0000333,sugar content,2.411532718920295,5.832582374661002e-12,3.686192060785753e-11,1163,84
50,TO_0000919,grain weight,1.9127968130731412,1.0402357824060606e-11,6.445382494908141e-11,2471,143
51,TO_0000241,leaf number,2.1609291508092108,1.3938174673320734e-11,8.470121532248754e-11,1582,103
52,TO_0002699,lycopene content,1.6172774037755746,1.601899779030041e-11,9.55094962591496e-11,5100,250
53,TO_0006067,aphid resistance,3.5754138347144226,2.6375207669346363e-11,1.543438078428417e-10,404,42
54,TO_0001015,photosynthetic rate,1.7496140749148694,1.583019722429712e-10,9.095167859777982e-10,3142,167
55,TO_0002647,starch digestibility,10.95620239390642,1.9826433498767819e-10,1.1187773188590412e-09,57,15
56,TO_0020100,nitrate uptake,2.2644846247222135,2.8492091933637414e-10,1.5795615878998988e-09,1173,80
57,TO_0000196,amylose content,4.6037773310500585,3.229146927652212e-10,1.7593283261001705e-09,215,28
58,TO_0002639,shoot branching,1.8289912158974897,5.696271390170867e-10,3.0508843377864304e-09,2429,135
59,TO_0006054,arsenic concentration,1.732349165463158,2.1416954185144163e-09,1.1279595870842592e-08,2862,151
60,TO_0002759,grain number,1.7708953187504848,2.5085169749482266e-09,1.2994940394813765e-08,2578,139
61,TO_0000479,acid sensitivity,2.4613630744614836,4.52373619280909e-09,2.30564618859302e-08,785,58
62,TO_0002746,fruit weight,3.216771961073539,5.1013128938352265e-09,2.55875376897132e-08,391,37
63,TO_0006038,floral organ number,2.0122300645453333,8.188200825401093e-09,4.04292415754179e-08,1474,90
64,TO_0002677,brassinosteroid sensitivity,3.7936867425078726,8.43329559475432e-09,4.0998790891421e-08,264,29
65,TO_0002637,leaf size,1.6862697879184105,1.0039040533413904e-08,4.8065709220587786e-08,2954,152
66,TO_0002661,seed maturation,1.4643903367310591,1.0875379600639922e-08,5.129283513137635e-08,6291,281
67,TO_0000004,reversible male sterility,1.5531540249180371,1.1243769363609417e-08,5.2250457630890823e-08,4428,210
68,TO_0000434,root activity,2.9381316657197845,2.9192787511730363e-08,1.3369450512618542e-07,436,38
69,TO_0001006,adventitious root number,2.9690893153819915,5.1926906383249714e-08,2.3441289167295584e-07,409,36
70,TO_0000346,tiller number,2.0036106426892704,1.0327991729985938e-07,4.5966836432050094e-07,1264,77
71,TO_0000343,grass weed,9.914945652173913,1.193208642381204e-07,5.236860152673062e-07,45,11
72,TO_0000607,ash content,2.5961812954507018,2.3229156424853737e-07,9.97173810177092e-07,527,41
73,TO_0000075,light sensitivity,2.2242289312100283,2.3351538592754687e-07,9.97173810177092e-07,832,56
74,TO_0000511,phosphorus uptake,2.5591591875295228,3.0323574798461845e-07,1.277633284841859e-06,534,41
75,TO_0000130,far red light sensitivity,8.643415551839466,3.795356955036889e-07,1.578069470778496e-06,50,11
76,TO_0000537,flower color,3.5431604119905185,4.7249857018695227e-07,1.939085041286713e-06,232,24
77,TO_0000409,peak viscosity,4.526652176047632,5.33482314758032e-07,2.161287326455617e-06,140,18
78,TO_0006018,organ identity,1.5493226950292331,5.72519263378758e-07,2.290077053515032e-06,3387,161
79,TO_0001013,lateral root number,0.5597211883647372,6.188063684688483e-07,2.444285155451951e-06,3620,66
80,TO_0000019,seedling height,2.3003604592517877,7.591803913444409e-07,2.9617407859857198e-06,676,47
81,TO_0000734,grain length,1.7062235364506628,7.935863863669206e-07,3.0582109523408157e-06,2047,107
82,TO_0002691,peduncle length,2.463773544520548,1.008632010363742e-06,3.840092955119789e-06,553,41
83,TO_0001024,phosphorus content,5.502939269052948,1.2411416645270472e-06,4.669056737982701e-06,92,14
84,TO_0000531,anther length,4.456855519729771,1.318820097627987e-06,4.902907657064046e-06,134,17
85,TO_0002730,grain shape,3.001565304803619,2.7985085215262974e-06,1.0282891776771046e-05,292,26
86,TO_0000008,potassium sensitivity,4.3421443621696465,3.605345521444412e-06,1.3095277985936024e-05,129,16
87,TO_0000259,heat tolerance,1.540285841572036,5.30224814210093e-06,1.9039891055726066e-05,2870,136
88,TO_0000319,rubisco content,3.199887878329904,6.212985710356879e-06,2.2059589713177233e-05,233,22
89,TO_0000612,grain density,0.4347813188530978,6.7655689558571256e-06,2.375466433389835e-05,1697,24
90,TO_0006055,selenium content,2.2610243768830456,7.509158030839698e-06,2.607575755764115e-05,584,40
91,TO_0000552,shoot dry weight,1.9580207739264004,1.3605328592668279e-05,4.67313460356867e-05,903,54
92,TO_0000137,days to heading,0.6592968002831474,1.5835751824302433e-05,5.3807500822360954e-05,4764,102
93,TO_0001027,net photosynthetic rate,1.8779345876631446,1.635614860898411e-05,5.4984499579138075e-05,1044,60
94,TO_0000605,hydrogen peroxide content,2.1171234876835783,2.372286674259563e-05,7.8909746217476e-05,652,42
95,TO_0000474,glume opening,inf,3.177451451687294e-05,0.00010459111028470676,3,3
96,TO_0000713,brittle endosperm,40.79522647138595,3.2601407571228254e-05,0.00010620664734544462,7,4
97,TO_0000429,salt sensitivity,1.661686599100967,3.477716347485649e-05,0.00011213860875565971,1584,81
98,TO_0000135,leaf length,1.7550260170293284,4.0169874156655313e-05,0.00012821899225760687,1243,67
99,TO_0000624,allelopathic effect,2.9352783161439917,4.904156518269128e-05,0.00015497134597730445,229,20
100,TO_0001007,coleoptile length,2.274363410118668,8.600338153354714e-05,0.0002690798867782267,435,30
101,TO_0000652,leaf necrosis,2.523814138455796,8.690704114179528e-05,0.00026924142157654226,329,25
102,TO_0000609,potassium content,2.2247425863686567,0.0001152724392727949,0.00035365136708935134,444,30
103,TO_0000424,brown planthopper resistance,3.9533533831949423,0.0001283436518670538,0.00038996724990374035,105,12
104,TO_0000515,relative growth rate,1.9540000148052736,0.00021184866757712593,0.0006375636090892551,669,40
105,TO_0006064,rolled leaf,0.509844515352996,0.00028237159817338735,0.0008417870285168905,1514,25
106,TO_0000469,days to maturity,0.7335718044702167,0.00030211327128809454,0.0008922223712807278,5686,135
107,0000281,Common bunt spike incidence,0.5296368586088213,0.00035228949082789806,0.0010307729546445907,1633,28
108,TO_0000615,abscisic acid sensitivity,1.9102466282225268,0.00041279348784901065,0.001196722405140251,649,38
109,TO_0000514,potassium uptake,1.7714533246696988,0.0004917774332220712,0.0014127424445288589,844,46
110,TO_0000354,aluminum sensitivity,2.958442508416719,0.0005782211515319808,0.0016461070620189724,159,14
111,TO_0000069,variegated leaf,3.282141886382169,0.000604259759655295,0.0017048757504560111,124,12
112,TO_0012001,leaf area index,1.96052388254374,0.000688338124374317,0.001924910153117559,533,32
113,TO_0000152,panicle number,3.4031702898550726,0.0007645475496412549,0.002119272155145935,110,11
114,TO_0000640,total root number,2.055543522594619,0.0010387871218153321,0.0028468577255680505,414,26
115,TO_0002672,auxin content,1.618012017664519,0.0010450490384996641,0.0028468577255680505,1120,56
116,TO_0006007,polysaccharide content,3.1782352337981954,0.001273366029426093,0.003439176626484149,117,11
117,TO_0000225,stamen number,1.6066095984025641,0.0016164320532011777,0.004328750244165866,1087,54
118,TO_0000541,leaf position,3.2232945852814594,0.0018890480361275189,0.005016295625347025,105,10
119,TO_0000136,leaf relative water content,1.5826751214447288,0.0019297768065602936,0.005081745590608773,1123,55
120,TO_0000544,mesocotyl length,15.293655097613883,0.0023120762019932686,0.006038149420081594,9,3
121,TO_0000524,submergence tolerance,1.7897422692259166,0.0024387859579104473,0.006316855431964766,617,34
122,TO_0000180,spikelet fertility,1.8082046992279688,0.002544918017245121,0.0065381633613777095,575,32
123,TO_0002689,leaf sheath length,61.160748170235834,0.002946829975485209,0.007509663485913919,3,2
124,TO_0000315,bacterial disease resistance,1.6861214383783534,0.003118750800768168,0.00788420202434193,749,39
125,TO_0000527,sodium uptake,2.019277879237437,0.0033546461958605172,0.008413239665808916,356,22
126,TO_0002681,leaf curling,1.5057922430319175,0.003951527493354263,0.00983214714881848,1220,57
127,TO_0000202,germination ratio,2.309145017798459,0.0046725298984594335,0.011535308186821726,214,15
128,TO_0000269,100-grain weight,4.935020040957065,0.00529546190661494,0.012971829166591635,36,5
129,TO_0000040,panicle length,0.638804411105867,0.0058408511305554035,0.01419776120965775,1749,36
130,TO_0000735,plastochron,1.776560479412261,0.0063293338923234126,0.015170725223147547,493,27
131,TO_0000567,tiller angle,1.4453720237263756,0.006337138384352773,0.015170725223147547,1447,65
132,TO_0000278,root to shoot ratio,1.5693621967373845,0.006621009222550064,0.015731119656585114,884,43
133,TO_0000249,leaf senescence trait,1.2825682818814914,0.009286633662274012,0.021809729419038616,3101,124
134,TO_0006060,leaf chlorosis,1.4841953544086246,0.009317447694842447,0.021809729419038616,1106,51
135,TO_0000952,stem weight,2.262018636610806,0.009869715340402534,0.022932573879170595,189,13
136,TO_0000173,ethylene sensitivity,0.6999039578307871,0.01079259165329799,0.024740967122751995,2265,51
137,TO_0000421,pollen fertility,0.5031203080509613,0.010804599566265113,0.024740967122751995,800,13
138,TO_0002643,carbon isotope discrimination,0.13744232036914963,0.011629770226207273,0.026438902096989198,223,1
139,TO_0000258,leaf thickness,1.7142378541064818,0.012054968882033317,0.027209786905160915,472,25
140,TO_0000078,root dry weight,1.450180498915206,0.014539418407632477,0.03258479586391392,1086,49
141,TO_0000115,root mass density,1.2936979832420368,0.015682104900538365,0.03489820527162059,2527,102
142,TO_0006046,sulfur content,0.3673848949787212,0.01659020562822797,0.0366608739756646,420,5
143,TO_0002634,fruit firmness,3.0597557666214383,0.018148878341953216,0.03982670525039734,66,6
144,TO_0000576,stem length,1.6370109250632983,0.020172406921695973,0.04396193508452364,493,25
145,TO_0000131,leaf water potential,1.604198591114479,0.02092895686792684,0.045298290207293715,563,28
146,TO_0006047,calcium concentration,1.4845231473651357,0.021343559241033733,0.04588139265419497,823,38
147,TO_0005002,oleic acid content,4.078546243558448,0.021891336495728827,0.046740961707096684,34,4
148,TO_0000766,petiole length,1.7455827262419472,0.024045406672028043,0.05099562757289169,371,20
149,TO_0000439,fungal disease resistance,1.6197518287284256,0.025718666653845625,0.05418065775076811,478,24
150,TO_0002660,cytokinin content,0.35994441124160226,0.029440940369254112,0.06161150434890265,343,4
151,TO_0000547,primary branch number,2.0162311247071076,0.03038246533319263,0.06316354635058467,178,11
152,TO_0000519,rooting depth,8.736785036595283,0.03115102202454234,0.06433805856049268,9,2
153,TO_0020099,nitrate transport,1.4303835612130995,0.0328858933073926,0.06748014470867572,875,39
154,TO_0000371,yield trait,1.3453484155383413,0.03633927512929232,0.07408523187649271,1381,58
155,TO_0006042,lithium content,3.3986077208209022,0.03720767297801638,0.07536938885290498,40,4
156,TO_0006066,leaf trichome density,2.239417866747923,0.03930557839200487,0.07861115678400973,132,9
157,TO_0000340,total soluble sugar content,4.3690347071583515,0.03916008652722874,0.07861115678400973,24,3
158,TO_0000449,grain yield per plant,1.5969458470417577,0.040208965557285606,0.07991215796290724,444,22
159,TO_0002616,flowering time trait,3.219676530626811,0.043389161581565486,0.08569359412359184,42,4
160,TO_0000496,carotenoid content,1.5105528063274543,0.0447051891857133,0.08774434647630684,596,28
161,TO_0000447,filled grain number,6.795156772386374,0.04564394303113612,0.08903386418419144,11,2
162,TO_0000050,inflorescence branching,1.3636768415466594,0.04630156965234251,0.08976255220944927,1104,47
163,TO_0000484,seed shape,2.185396308360478,0.0497643648831064,0.09588743477476598,105,7
164,TO_0000058,herbicide sensitivity,2.592332876573751,0.0521854452809516,0.09994303459867093,64,5
165,TO_0000231,endospermless,0.2787331459318151,0.05257945502525963,0.10009101077097617,221,2
166,TO_0000965,ear aspect,6.115586879913256,0.05364493023385221,0.10150777217902573,12,2
167,TO_0000466,carbon content,2.266063621287502,0.05825412129389713,0.1095732281480446,87,6
168,TO_0000444,parasitic weed,1.849811872909699,0.05922496161675122,0.11074016491652891,193,11
169,TO_0011008,stigma length,5.559575149707977,0.06209687330333624,0.11542712919914266,13,2
170,TO_0020106,Indole-3-acetic acid content,1.8002717391304348,0.06456155706615203,0.11930673703452656,198,11
171,TO_0000428,callus induction,1.249536082845695,0.06530927092983167,0.11998680008038842,1917,75
172,TO_0000352,plant dry weight,2.0570187347271247,0.06628717926296712,0.12038361291435408,127,8
173,TO_0006039,petal number,0.4358654367878459,0.06599388250930344,0.12038361291435408,355,5
174,TO_0000625,spikelet density,0.18961941793330978,0.06844817657368119,0.12359785027019002,162,1
175,TO_0000578,root fresh weight,1.5929301306676278,0.06908267892338513,0.12379319535304062,364,18
176,TO_0000280,seedling vigor,2.159348710990502,0.06933985942243098,0.12379319535304062,91,6
177,TO_0000374,breakdown viscosity,3.1635593537287754,0.07983314073074999,0.14172624983661233,32,3
178,TO_0006004,raffinose content,2.1416503800217157,0.085934543562542,0.1508628653653515,107,7
179,TO_0002685,crown root number,3.058080260303688,0.08583642320198832,0.1508628653653515,33,3
180,TO_0001026,respiration rate,1.3288784137919667,0.09748514700406194,0.17019506327780978,866,36
181,TO_0000051,stem strength,0.2008629296819284,0.09895381026164951,0.17180991232242443,153,1
182,TO_0000328,sucrose content,1.3969469376032169,0.09974732153126936,0.1719416223599026,596,26
183,TO_0020098,nitrate sensitivity,1.964659972706173,0.10011790669057619,0.1719416223599026,116,7
184,TO_0000257,root branching,1.3847378848093006,0.1023892095724171,0.17489183905342598,601,26
185,TO_0000396,grain yield trait,1.4613648749071093,0.10715151910882466,0.18204236579778812,461,21
186,TO_0000399,grain thickness,3.8220384928164814,0.10990393264906365,0.18572001452996853,18,2
187,TO_0000516,relative root length,0.631397567911112,0.11212992316277266,0.18847370063529875,641,13
188,TO_0002692,root meristem development,1.3411225340372326,0.11326462208244223,0.18937365385212562,739,31
189,TO_0000953,stem number,1.6027717391304348,0.1227439200774798,0.20414251970780853,221,11
190,TO_0002673,amino acid content,1.3974094945992497,0.12528556828221482,0.2072787412417795,504,22
191,TO_0006050,cobalt concentration,1.9949265530057223,0.13403918155953692,0.22060615298340452,98,6
192,TO_0000562,specific leaf area,1.445354745055344,0.13901372359749906,0.22590639983313185,377,17
193,TO_0002703,protist disease resistance,2.0733038205697527,0.13914480652090014,0.22590639983313185,63,4
194,TO_0006056,molybdenum content,0.21967401688405372,0.13940426571981238,0.22590639983313185,140,1
195,TO_0000370,leaf width,0.5070410983103888,0.14111613582607924,0.22751377000531142,306,5
196,TO_0000044,stigma exsertion,3.2184731277910146,0.1419280394513938,0.22766122064284486,21,2
197,TO_0000104,floury endosperm,1.6628869754201954,0.14374805377799627,0.2294160858275092,194,10
198,TO_0000068,lodging incidence,1.8920113583908014,0.1455705979353796,0.23115733139487415,103,6
199,TO_0000492,leaf shape,1.1720180670341245,0.14854554997550276,0.23470196896129436,2500,92
200,TO_0020102,phosphate content,1.6647919010123735,0.16188452051160102,0.254505017321721,155,8
201,TO_0020057,wheat leaf rust disease resistance,1.3577972375350584,0.16487566556425992,0.25772074834269626,518,22
202,0000072,Grain hardness,1.1681729969503742,0.16556111365052956,0.25772074834269626,2289,84
203,TO_0000526,sodium concentration,1.3946391906082978,0.16790881694357782,0.26009404977534606,436,19
204,TO_0005001,linoleic acid content,2.779516498681584,0.17560113333054983,0.2681545815880365,24,2
205,TO_1000074,linolenic acid content,2.779516498681584,0.17560113333054983,0.2681545815880365,24,2
206,0000127,Frost damage,6.11420054200542,0.17565822274912518,0.2681545815880365,6,1
207,TO_0000146,seed length,1.529782608695652,0.18240373225311657,0.27711336246146556,231,11
208,TO_0000727,sporogenesis,1.3150235375504076,0.19900354438666532,0.30088574175208727,607,25
209,TO_0000351,zinc sensitivity,4.367208672086721,0.22706654644714128,0.34021541445411174,8,1
210,TO_0000074,blast disease resistance,1.3244890844214172,0.22716915332220755,0.34021541445411174,458,19
211,TO_0000344,days to flowering trait,0.9109236729264784,0.23868790206275114,0.35578008043315734,6362,185
212,TO_0000316,photosynthetic ability,1.405431397075919,0.24043005100138934,0.3566943479645025,296,13
213,TO_0000304,seed thickness,3.8212737127371272,0.2515559870413526,0.37145650422928705,9,1
214,TO_0002617,fruit color,0.38412005094186186,0.25294880501174877,0.3717759180637796,161,2
215,TO_0000442,plant fresh weight,2.1084678587786616,0.2575256844651844,0.3766495296959489,31,2
216,TO_0000085,leaf rolling,0.7324504896626768,0.25864856944310416,0.3766495296959489,640,15
217,TO_0002625,fruit size,0.6652289194339849,0.2652044510127176,0.3792063643439763,422,9
218,TO_0020055,wheat stripe rust disease resistance,0.9147909152632322,0.26479692978962777,0.3792063643439763,6235,182
219,TO_0000355,heterosis,0.888625249223966,0.2638806424834623,0.3792063643439763,3563,101
220,TO_0000486,seed color,1.5601503759398496,0.26473253541017383,0.3792063643439763,103,5
221,TO_0002757,flag leaf length,1.3511649275185762,0.268158582130321,0.38170320699631277,331,14
222,TO_0000890,seed coat proportion,2.038167525074546,0.2693718541040879,0.3817107887752995,32,2
223,TO_0000975,grain width,1.413858695652174,0.2718840781290025,0.3835507530748428,249,11
224,TO_0000113,giant embryo,3.396657633242999,0.27526971351781804,0.3866010198739133,10,1
225,TO_0001012,lateral root length,1.2107896576198824,0.2767807491380552,0.38700317136117457,841,32
226,TO_0000930,seed shattering,1.4477906646080585,0.27946335817054013,0.38903269243123645,177,8
227,TO_0000101,broad-leaved weed,1.9724026967706958,0.2812128496114137,0.38975114244388914,33,2
228,TO_0006052,copper concentration,1.9107481702358362,0.2930371115383998,0.4043656211621587,34,2
229,TO_0000149,seed width,1.5290637720488467,0.2995005310237277,0.4097063541276968,126,6
230,TO_0006065,seedling hypocotyl length,3.0569647696476965,0.29823229055064016,0.4097063541276968,11,1
231,TO_0002665,root hair length,1.3159534781654598,0.3060500074716117,0.4168612170734021,388,16
232,TO_0000358,female sterility,0.8992220167192136,0.30980772694628,0.4201684193777875,3593,103
233,TO_0002628,fruit shape,1.3015794069850155,0.31944294224891123,0.42910055765215127,294,12
234,TO_0000458,drought recovery,1.3763009234111896,0.31999828841664535,0.42910055765215127,209,9
235,TO_0006069,DSDS50,2.7790342448879035,0.3204675050819864,0.42910055765215127,12,1
236,TO_0000187,anther color,1.6092958188799908,0.3241898379875733,0.43225311731676436,80,4
237,TO_0002641,acid detergent fiber,1.2995287293819104,0.3346758794113441,0.4443595709831291,319,13
238,TO_0000053,pollen sterility,0.42418903045089,0.33763264710586527,0.44640969240775485,146,2
239,TO_0000163,auxin sensitivity,1.1681623431940802,0.3524555834476809,0.46406651820611317,952,35
240,TO_0002675,gibberellic acid content,1.6089654877231028,0.3630725435129385,0.4760619242742264,40,2
241,TO_0000345,seed viability,1.1971126632499123,0.3726458042559445,0.4865953477061094,664,25
242,TO_0002700,pungency,0.3149079428938619,0.37926031927356996,0.4931944892611034,98,1
243,TO_0000589,average grain weight,0.3085406914675207,0.3819275607805537,0.49462749674858597,100,1
244,TO_0006059,cadmium concentration,0.6638900359860775,0.39532908216254337,0.5079879825041543,282,6
245,TO_0002603,petal size,0.6614874429950673,0.39545899903804416,0.5079879825041543,283,6
246,TO_0020094,nitrate content,0.696324806275575,0.4203940812142174,0.5378321039015899,314,7
247,TO_0000084,root number,0.9319934188749781,0.43383141506348327,0.5527851901615352,5021,149
248,TO_0000366,reproductive growth time,0.4772804283003524,0.4476592203465112,0.5681137093554118,130,2
249,TO_0000148,viral disease resistance,1.50356050638313,0.4582237173746908,0.5791947787616092,64,3
250,TO_0020101,starch mobilization,1.3489823609226594,0.4644435141858353,0.5847177310068683,142,6
251,TO_0000435,seed longevity,1.1359699330984168,0.4804001466786058,0.6024065331366644,810,29
252,TO_0000221,glume color,0.565648348999759,0.4995303191122185,0.6239192918555773,165,3
253,TO_0000701,turgor pressure,0.8395756678616132,0.5192357997743187,0.6459783965696247,710,19
254,TO_0000431,ear length,0.3818834688346883,0.524000506861569,0.6493496477186502,81,1
255,TO_0006049,iron concentration,0.6265506665832133,0.5388444788513362,0.6651361535821182,199,4
256,TO_0000200,brittle culm,1.2872196765306267,0.5586923227973568,0.6869524280309913,99,4
257,TO_0000654,shoot system growth and development trait,1.1988066178464876,0.5809115158169535,0.6927095811251219,106,4
258,TO_0000124,flag leaf angle,1.1755889097352512,0.5807739004551156,0.6927095811251219,27,1
259,TO_0000062,phenol reaction,1.1755889097352512,0.5807739004551156,0.6927095811251219,27,1
260,TO_0000360,leaf elongation rate,1.2016999969164281,0.5748340197712283,0.6927095811251219,238,9
261,TO_0000473,grain shattering,1.1467491838955386,0.5729786379618622,0.6927095811251219,415,15
262,TO_0000456,spikelet number,0.910631199366315,0.5721405290718606,0.6927095811251219,1657,48
263,TO_0000189,embryoless,1.2226233062330623,0.5670544358630248,0.6927095811251219,26,1
264,TO_0000281,metabolite content trait,1.124183895538629,0.5793134517327463,0.6927095811251219,423,15
265,TO_0000015,oxygen sensitivity,1.1757317811020007,0.5878409859573492,0.6972549422204423,108,4
266,TO_0020083,stem diameter,0.5657660913827897,0.5891362961166395,0.6972549422204423,110,2
267,TO_0000993,cellulose content,0.8220086530959643,0.6061929062475488,0.712964936695487,496,13
268,TO_0000959,cob length,1.09159891598916,0.6069226834528038,0.712964936695487,29,1
269,TO_0000571,shoot fresh weight,1.1047452561536075,0.6473299836943767,0.7576158327682334,631,22
270,TO_0000504,leaf temperature,0.8754328799762773,0.6529665026951934,0.7613926747294506,646,18
271,TO_0000188,drought sensitivity,0.8080533671405717,0.661567662650447,0.7685859610203722,388,10
272,TO_0000293,chlorophyll a content,1.3007618970718007,0.6689317836017532,0.7742946652679635,49,2
273,TO_0000608,sodium content,0.8947249039075363,0.6806692233083096,0.7848290338180218,773,22
274,TO_0020095,stomatal process related trait,1.0816078797708748,0.6829999503163164,0.7848290338180218,439,15
275,TO_0006053,zinc concentration,1.072462941033799,0.7111126313438435,0.8141724329878788,59,2
276,TO_0000437,male sterility,1.0183507547843518,0.7155149896267763,0.8162553672276581,13612,438
277,TO_0000630,pedicel length,0.4303255849459903,0.7304983379188884,0.821485675382095,72,1
278,TO_0000436,spikelet sterility,0.4700729622680842,0.7256388035688462,0.821485675382095,66,1
279,TO_0002644,dry matter digestibility,0.4850045167118338,0.7249891207243075,0.821485675382095,64,1
280,TO_0000290,flavonoid content,1.068351566644149,0.7301072358293571,0.821485675382095,622,21
281,TO_0000199,genic male sterility,1.0996972593074685,0.7345783679536861,0.8231445541608682,288,10
282,TO_0000996,flag leaf area,1.239278595298118,0.7373609879670795,0.8233430112989297,77,3
283,TO_0000382,1000-grain weight,0.9010590058892588,0.7449257432320582,0.8288610382441212,698,20
284,TO_0000682,inflorescence height,1.118294005608169,0.7523252760582324,0.8341571481908822,85,3
285,0000088,Hessian fly damage,1.0789888556673009,0.7594179272168503,0.8390771503514849,352,12
286,TO_0000300,glucose content,1.0539774852270176,0.7634666550387421,0.8406113693109496,90,3
287,TO_0002667,abscisic acid content,0.6571061306936927,0.7722522926042239,0.8473323766074125,95,2
288,TO_0006017,meristem identity,1.0207581485587582,0.7786892786442673,0.8514387960262577,5296,171
289,TO_0000467,cell membrane stability,1.0714612591907091,0.784749939649735,0.8551068307907458,443,15
290,TO_0001051,root hair density,1.0421283015135028,0.789080250895938,0.8568706504574447,455,15
291,TO_0000190,seed coat color,0.9305235797601301,0.7992722270643078,0.8649658347682235,1150,34
292,TO_0020093,nitrogen content,0.7361978426317148,0.8243653197182668,0.8890765905493936,170,4
293,TO_0000230,crown rootless,0.837107116968086,0.8486639788755816,0.912169446682598,225,6
294,TO_0000770,bacterial blight disease resistance,1.0586231579986671,0.8520529458137511,0.912707562295408,239,8
295,TO_0000206,leaf angle,0.8453530489715166,0.8585681128346918,0.9165794718100088,260,7
296,TO_0000619,vivipary,0.8960254807719119,0.8786079760079548,0.934815220264356,351,10
297,TO_0006014,phyllotaxy,1.0189358799454298,0.91941428246614,0.9749493733533565,806,26
298,TO_0000159,blue light sensitivity,0.9859340851473031,1.0,1.0,32,1
299,TO_0002682,plant cell shape,0.6366531165311653,1.0,1.0,49,1
300,TO_0000289,carotene content,0.7640379403794038,1.0,1.0,41,1
301,TO_0006031,inflorescence size,0.6790277401283094,1.0,1.0,92,2
302,TO_0006030,spikelet meristem identity,0.8607334645594052,1.0,1.0,219,6
303,TO_0000167,cytokinin sensitivity,0.9214021259622399,1.0,1.0,205,6
304,TO_0000291,carbohydrate content,0.9389376366286131,1.0,1.0,369,11
305,TO_0006013,carpel number,0.9491259524876737,1.0,1.0,166,5
306,TO_1000009,branch angle,0.853546713064987,1.0,1.0,184,5
307,TO_0002758,flag leaf lamina width,0.9954188636806591,1.0,1.0,856,27
308,TO_0000668,mycotoxin content,0.7453962588406372,1.0,1.0,42,1
309,TO_0002600,floral organ size,0.7736513960422878,1.0,1.0,81,2
310,TO_0002626,fruit length,0.8260089357650333,1.0,1.0,38,1
311,TO_0000572,petal color,0.7836356055868251,1.0,1.0,40,1
312,TO_0000027,culm number,0.9663800884096249,1.0,1.0,261,8
313,TO_0000543,leaf nitrogen content,0.7836356055868251,1.0,1.0,40,1
314,TO_0012010,leaf area duration,0.8989159891598916,1.0,1.0,35,1
315,0000061,Stem solidness,0.9046249178078275,1.0,1.0,313,9
